Word,Count
challenges,11
public_administration,22
higher_education,2
democracy,8
global_governance,2
conflict,7
innovation,15
efficiency,7
governance,30
education,14
government,37
local,46
evidence,75
trust,16
collaboration,10
participation,5
perceptions,14
citizen_involvement,1
crisis,32
network,10
response,14
pandemic,15
leadership,21
compensation,5
survey_experiment,7
public_servants,2
state,29
empowerment,2
welfare_state,8
public_management,10
social_policy,7
health,19
public_service,9
democratic_backsliding,6
information,23
ethics,3
public_value,4
lobbying,4
privatization,2
resilience,17
management,26
risk,15
public_service_motivation,9
public_sector,26
employment,17
effectiveness,11
equity,11
resources,9
environmental_policy,2
implementation,14
public_values,5
community,10
safety,4
problems,7
citizens,25
transparency,8
social,49
review,17
corruption,4
institutions,9
public_policy,8
institutional_analysis,1
networks,8
development,9
network_governance,4
literature,9
systematic_review,12
agency,12
environment,3
knowledge,8
discretion,7
determinants,9
conjoint_experiment,2
performance,47
influence,13
agencies,8
panel_data,4
telework,3
public_organizations,13
research_agenda,6
policy,144
recruitment,4
time,9
reciprocity,2
job_satisfaction,1
prosocial_impact,2
legitimacy,2
collaborative,6
identity,6
managers,7
climate_change,21
digital_transformation,2
inequality,5
representative_bureaucracy,5
planning,5
measurement,3
civil_servants,3
role_perceptions,2
foundations,3
systematic_literature_review,7
outcomes,12
design,15
evaluation,5
international_organizations,2
gender,13
experiment,5
public_services,4
control,9
reputation,4
capacity,3
violence,2
police,5
administrative_burden,2
unemployment,5
urban,3
digital_technologies,1
recovery,3
symbolic_representation,1
vulnerability,4
subsidiarity,2
federalism,1
authority,3
artificial_intelligence,8
behavior,10
retention,2
race,3
uncertainty,5
transformation,5
africa,6
agriculture,6
communication,2
inclusion,4
emergency_management,1
prison,2
representation,7
teachers,2
social_equity,1
social_justice,1
turnover_intention,2
political_control,2
policing,5
bureaucrats,5
performance_information,2
nonprofits,2
interagency_collaboration,1
covid-19,38
new_public_management,3
adaptive_capacity,1
healthcare,7
working,3
cross-national,1
blame_avoidance,2
data_manipulation,1
ecosystem,2
third_sector,1
organizational_performance,2
municipalities,3
historical_institutionalism,1
contractual_fairness,1
public_infrastructure_projects,1
stereotype,3
transformative,3
learning,16
public_sector_innovation,3
collaborative_innovation,3
divergence,3
inter-municipal_collaboration,2
collaborative_platform,1
regional,17
environmental_protection,1
renegotiations,1
street-level_bureaucrats,3
drive,1
literature_review,1
identity_theory,1
conceptualization,2
productivity,1
machine-learning,1
public_school_efficiency,1
co-production,11
organizational_formalization,1
public_service_delivery,1
street_level_bureaucrats,1
health_care,3
cluster_analysis,1
public_managers,2
autonomy,7
qualitative_comparative_analysis,2
institutional_logics,1
hospital_executives,1
region,4
economies_of_scale,1
migrant_workers,1
stakeholder,2
algorithms,1
wicked_problems,1
user-orientation,1
public_service_organizations,1
thick_concept,1
interests,1
representative_labour,1
social_capital,2
governing,6
strategy_implementation_effectiveness,1
social_media,2
citizen_online_engagement,1
compliance_with_policies,1
public_leadership,1
peacebuilding,1
collaborative_governance,5
field_experiment,2
accountability,8
user_co-creation,1
homestay,1
refugees,2
asylum_seekers,1
resistance,2
social_impact_bonds,2
workforce,1
advocacy,4
social_care,2
quasi-markets,1
public_health,6
professionalism,1
street-level_managers,1
public_reform,1
instrumental_variable,1
public_service_logic,2
value_propositions,1
framing,5
institutional_work,1
experiments,3
e-government,2
layering,2
emergency_preparedness,1
energy,10
value-in-use,1
mutuality,1
new_public_service,1
digitization,1
socio-materiality,1
employee_attitudes,2
trust-based_leadership,1
sustainability,6
red_tape,1
affective_commitment,1
role_ambiguity,1
work_engagement,2
social_services,1
hybridization,1
publicness,1
public-private_relationships,1
boundary_objects,1
adaptation,12
bureaucracy,3
privacy_paradox,1
institutional_pressures,1
reactive_transparency,1
sustainability_transitions,1
innovation_policy,1
practice,7
employee_engagement,2
inter-municipal_cooperation,1
decision-making,2
civil_service,1
regulatory_compliance,1
government_performance,2
fiscal_monitoring_and_intervention,1
boundaries,1
data_professionals,1
qualitative_study,4
system-level_bureaucrats,1
ambiguity,1
crises,6
eldercare,2
public_service_innovation,1
rules,9
green_tape,1
public_service_ethos,1
stewardship_to_society,1
city_competitiveness,1
policies,23
reward_equity,1
responsibilization,1
value_conflicts,1
co-creation,3
laboratory_experiment,1
management_gurus,1
unethical_behaviour,1
reform,9
organizational_climate,1
co-regulation,1
professionals,2
diversity,3
public_accountability,1
conceptual_framework,1
performance_management,1
gaming,3
monitoring,5
digital_technology,1
thematic_analysis,1
administrative_capacity,1
strategic_planning,1
innovative_behaviours,1
servant_leadership,1
durability,2
motivations,4
open_innovation,1
public_service_resilience,3
partnerships,2
responsibility,7
platforms,2
public_service_provision,1
digitalisation,2
politics,26
framework,9
organizational_commitment,1
group-based_pay_for_performance,1
employee_satisfaction,1
fairness_of_performance_evaluations,1
delegation,2
coproduction,2
satisfaction,11
online_schooling,1
user_and_community,1
co-delivery,1
prevention_activities,1
citizen_participation,2
participatory_budgeting,1
cities,3
informal_collaboration,1
outsourcing,3
automation,3
homeless,2
lifecycle,1
austerity,2
gender_congruence,1
public_provider,1
system_of_choice,1
auditee,1
multilevel_governance,1
open_government_data,1
primary_care,1
choice_architecture,1
behavioral_audits,1
regulation,23
participatory_regulation,1
regulatory_governance,2
internal_market,1
latin_america,2
divided_government,1
derivatives,1
diffusion,4
mifepristone,1
technology,4
attitudes,5
iron_triangle,1
development_strategies,2
reputation_management,1
regulatory_agencies,1
compliance,3
voluntary_sustainability_standards,2
institutional_design,1
bureaucratic_resistance,1
sustainability_assurance,1
global_value_chains,1
aquaculture,1
history,6
competition,6
central_bank_independence,1
financial_stability,2
strategy,5
multistakeholder,1
security,7
subnational,4
migration_policy,2
formal_independence,1
political_trust,4
national_quality_framework,1
stakeholder_engagement,1
stakeholder_participation,1
bureaucratic_policymaking,1
industrial_safety,1
oil,6
private_governance,1
climate,25
migration,3
informality,2
revolving_door,2
concepts,2
bureaucratic_constraints,1
due_diligence,2
human_rights,2
regulatory_impact_assessment,1
reasoning,1
real_estate,1
corporate_accountability,1
supply,5
regulations,8
capital_allocation,1
index,1
indices,1
foreign_corporate_accountability,2
regulatory_capture,1
traceability,1
mineral_supply_chains,1
agency_slack,2
international_financial_system,1
intermediaries,1
private_regulatory_governance,1
gold_supply_chain,1
legislation,2
agencification,1
global_south,2
climate_change_litigation,1
regulatory_discretion,1
capture,1
labor_conditions,1
emotions,2
make-or-buy,1
economic_development,1
rural_areas,1
mobility,5
enforcement,2
indebtedness,1
stakeholders,2
exchange,2
well-being,2
burnout,3
tax,5
meta-analysis,2
non-teleworkers,1
teleworking,2
giving,1
procurement,2
infrastructure,3
project,2
discrimination,3
schools,2
capability,1
housing,3
military,3
policymaking,7
collective_learning,1
cognitive_biases,1
rule_of_law,1
scientific_experts,1
climate_policy,14
trade_policy,6
interest_groups,4
multidimensionality,2
subunits,1
agenda_setting,1
bias,3
responsiveness,7
comparative_study,2
business_preferences,1
data_governance,1
right-wing_populism,1
geography,2
left-behind_places,1
political_discontent,2
unfairness,1
euroscepticism,2
globalization,1
borders,1
solidarity,6
place-based_resentment,1
spatial_segregation,1
repetition,1
trade,8
judicial_independence,2
politicisation,9
stabilization,2
immigration,7
expert_groups,1
citation_analysis,1
media,2
electoral_punishment,1
party,8
ideology,2
core_state_powers,1
economic_governance,3
green_central_banking,2
moral_hazard,1
political_actors,1
inflation,4
visualization,1
free_movement,2
litigation,1
public_attitudes,1
rule_of_law_interventions,1
stability,6
overload,1
data_protection_authorities,1
re-bordering,1
collective_action_clauses,1
political_parties,2
policy-making,6
transnationalism,1
public_support,3
surrogacy,1
abuse,2
voting,3
responsibility_attribution,2
agenda-responsiveness,1
right-wing_populist_parties,1
foreign_investment,1
screening,2
politicization,3
ratification,1
economic_nationalism,1
industrial_policy,2
mobilisation,1
civil_society,1
contestation,3
cleavage,1
party_politics,2
computational_simulations,1
institutional_reforms,1
vaccine_hesitancy,1
problem_indicators,1
differentiated_policy_implementation,1
elections,1
issue_voting,1
arrangement,1
asylum_policy,1
employment_policy,1
age,4
equality,2
party_factions,1
muscular_unionism,1
sustainable_development,1
discourse,2
voting_behaviour,1
subsidies,1
tax_avoidance,1
growth_models,1
ideologies,1
reputation-building,1
blaming_strategies,1
evidence-based_policy,1
energy_policy,1
discourse_analysis,1
cannabis,2
wellbeing,5
social_planner,1
central_banks,2
climate-neutral_economy,1
mainstream_right,1
electoral_participation,1
health_security,1
solutionism,1
business_power,1
epistemic_authority,2
regulatory_security_state,4
cybersecurity,1
expertise,1
regulatory_state,1
cakeism,1
joint_bodies,1
domestic_effects,1
consentification,1
social_investment,5
negotiations,2
development_cooperation,1
regions,2
vignette_experiment,1
financial_services,1
free_movement_of_people,2
economic_crisis,1
neofunctionalism,1
paradigm_change,1
decarbonisation,2
climate_adaptation,4
emissions,10
redistribution,2
transgovernmental_networks,1
domain_of_application_approach,1
gender_gap,2
spitzenkandidaten,1
income_inequality,2
party_positions,1
interservice_consultations,1
adaptation_policy,2
emigration,1
material_interests,1
corona,1
interest_organisations,1
language,2
mindfulness,1
favoritism,1
training,3
humanist,1
mentoring,2
expectation-disconfirmation,1
whistleblowing,1
citizenship,3
smallholder,1
offsets,2
electricity,1
renewable_energy,2
budget,1
carbon_removal_obligation,1
carbon_pricing,4
green_bonds,2
livestock,1
carbon_emissions,3
climate_finance,2
decarbonization,3
phase-out,1
pastoral_regions,1
developing_countries,2
agendas,2
misinformation,1
carbon_tax,1
net_zero,3
mitigation,4
scoping_review,1
content_analysis,1
climate-resilient_agriculture,1
food_security,1
mainstreaming,1
methane_regulations,1
just_transition,3
just_energy_transition,1
norms,1
oil_and_gas,2
phase_out,1
methods,3
just_transitions,1
paradoxes,1
controversies,1
climate-related_risks,1
carbon_neutrality,3
corporate_carbon_intensity,1
public_acceptance,2
targeting,3
social_acceptability,1
choice_experiment,1
biodiversity,3
human_wellbeing,1
prudential_regulation,1
sustainable_and_responsible_investment,1
climate_risk,2
climate-vulnerable_developing_countries,1
climate_risks,1
foreign_direct_investment,1
age-based,1
carbon_footprint,1
social_impacts,1
coal_power,1
disaster_insurance,1
fund_markets,1
public_investment,1
conditional_cash_transfers,2
carbon_capture,1
digitalization,1
energy_demand,1
football,1
road_transport,1
sponge_city,1
prospects,1
foreign_climate_policy,1
sustainable_finance,1
stranded_assets,1
stranded_asset_risk,1
monetary_policy,2
private_investment,1
homelessness,3
children,3
childcare,2
public_perceptions,1
birth_outcomes,1
generosity,1
earnings,1
institution,1
poverty,3
fundraising,1
welfare_states,4
working_conditions,1
labour_market_policy,1
cohesion_policy,1
social_licence,1
family_policy,3
counterfactual,1
social_protection,9
digital_government,1
participatory_methods,1
social_care_regulation,1
investigation,1
care_homes,1
financial_support_for_parents,1
disability,3
natural_disaster,1
couples,1
unpaid_care_work,1
regionalism,1
intersectionality,2
knowledge_economy,3
labour_market,3
mental_health,1
platform_economy,1
organised_labour,1
conditionality,2
universal_credit,3
behaviours,1
agility,1
welfare_regime,1
immigrant_social_rights,1
parenting,1
carer_tasks,1
carers,1
chronic_conditions,1
savings,1
electoral_violence,1
feedback_effects,1
political_representation,1
elected_politicians,1
welfare_chauvinism,1
partisan_politics,1
pension_privatisation,1
justification,1
choice_of_primary_care_provider,1
refugee,1
political_economy,3
social_contract,1
welfare_conditionality,1
public_debt_sustainability,1
distributive_politics,1
social_assistance,1
lived_experience,1
disability_services,1
culture,1
social_mobility,1
dualisation,1
active_labour_market_policy,1
reinforcement,1
substitution,1
natural_language_processing,1
salience,1
environmental_governance,1
narratives,2
ministries,1
vaccination,2
multiple_streams_framework,1
climate_politics,1
instrument,1
parliament,1
policy_change,1
information_search,1
