Word,Count
policy,149
social,75
climate,63
performance,43
governance,37
local,35
covid-19,35
crisis,33
government,32
state,29
politics,27
public_sector,26
citizens,25
management,25
information,24
leadership,22
public_administration,22
regulation,22
public_service,21
health,20
resilience,18
review,18
adaptation,17
gender,16
trust,16
regional,16
employment,15
learning,15
design,14
perceptions,14
education,14
innovation,14
risk,14
agency,14
response,14
public_organizations,13
network,13
influence,13
outcomes,12
systematic_review,12
implementation,12
energy,12
effectiveness,12
development,11
collaborative,11
co-production,11
satisfaction,11
challenges,11
equity,11
pandemic,10
emissions,10
collaboration,10
literature,10
behavior,10
reform,10
resources,9
public_management,9
time,9
responsibility,9
rules,9
determinants,9
politicisation,9
sustainability,9
community,9
democracy,8
framework,8
trade,8
welfare_state,8
accountability,8
artificial_intelligence,8
party,8
regulations,8
preferences,8
transparency,8
knowledge,8
public_policy,8
identity,7
survey_experiment,7
systematic_literature_review,7
networks,7
responsiveness,7
practice,7
security,7
immigration,7
managers,7
efficiency,7
policymaking,7
autonomy,7
policy-making,7
discretion,7
conflict,7
women,7
participation,6
history,6
africa,6
agriculture,6
public_health,6
democratic_backsliding,6
representation,6
solidarity,6
oil,6
governing,6
crises,6
stability,6
strategy,6
healthcare,6
agencies,6
tax,6
research_agenda,6
public_values,5
social_investment,5
competition,5
transformation,5
uncertainty,5
mobility,5
monitoring,5
inequality,5
representative_bureaucracy,5
climate_policy,5
framing,5
local_government,5
planning,5
wellbeing,5
policing,5
unemployment,5
bureaucrats,5
police,5
attitudes,5
reputation,5
compensation,5
experiment,5
public_service_motivation,4
working,4
safety,4
media,4
region,4
interest_groups,4
carbon_pricing,4
subnational,4
compliance,4
advocacy,4
political_trust,4
technology,4
motivations,4
welfare_states,4
mitigation,4
panel_data,4
recruitment,4
voting,4
public_value,4
lobbying,4
qualitative_study,4
public_services,4
inflation,4
diffusion,4
vulnerability,4
stakeholder,4
age,4
corruption,4
regulatory_security_state,4
inclusion,4
experiments,3
methods,3
developing_countries,3
co-creation,3
supply_chain,3
poverty,3
targeting,3
biodiversity,3
decarbonization,3
family_policy,3
training,3
carbon_neutrality,3
cities,3
disability,3
carbon_emissions,3
migration,3
citizenship,3
outsourcing,3
automation,3
bureaucracy,3
contestation,3
homelessness,3
knowledge_economy,3
children,3
net_zero,3
just_transition,3
labour_market,3
political_economy,3
gaming,3
authority,3
divergence,3
collaborative_innovation,3
public_sector_innovation,3
stereotype,3
housing,3
military,3
municipalities,3
bias,3
new_public_management,3
race,3
urban,3
infrastructure,3
capacity,3
evaluation,3
foundations,3
civil_servants,3
measurement,3
politicization,3
policy_implementation,3
telework,3
public_support,3
ethics,3
discrimination,3
diversity,3
performance_management,3
street-level_bureaucrats,3
burnout,3
trade_policy,3
project,2
decarbonisation,2
stakeholders,2
delegation,2
coproduction,2
policy_analysis,2
supply_chains,2
citizen_participation,2
exchange,2
emotions,2
oil_and_gas,2
cannabis,2
well-being,2
free_movement,2
homeless,2
public_acceptance,2
party_politics,2
screening,2
local_authorities,2
equality,2
climate_risk,2
income_inequality,2
durability,2
abuse,2
foreign_corporate_accountability,2
language,2
green_central_banking,2
discourse,2
partnerships,2
political_parties,2
redistribution,2
platforms,2
digitalisation,2
austerity,2
ideology,2
central_banks,2
financial_stability,2
regions,2
voluntary_sustainability_standards,2
green_bonds,2
revolving_door,2
informality,2
teleworking,2
renewable_energy,2
industrial_policy,2
free_movement_of_people,2
procurement,2
offsets,2
policy_instruments,2
schools,2
migration_policy,2
multidimensionality,2
negotiations,2
meta-analysis,2
concepts,2
legislation,2
comparative_study,2
geography,2
political_discontent,2
agendas,2
euroscepticism,2
latin_america,2
regulatory_governance,2
epistemic_authority,2
judicial_independence,2
due_diligence,2
stabilization,2
mentoring,2
global_south,2
employee_engagement,2
public_managers,2
vaccination,2
retention,2
work_engagement,2
policy_recommendations,2
narratives,2
subsidiarity,2
recovery,2
administrative_burden,2
organizational_performance,2
violence,2
international_organizations,2
resistance,2
childcare,2
inter-municipal_collaboration,2
digital_transformation,2
communication,2
employee_attitudes,2
legitimacy,2
political_control,2
social_impact_bonds,2
nonprofits,2
intersectionality,2
refugees,2
performance_information,2
conditionality,2
e-government,2
blame_avoidance,2
field_experiment,2
layering,2
turnover_intention,2
universal_credit,2
teachers,2
prison,2
decision-making,2
role_perceptions,2
monetary_policy,2
conjoint_experiment,2
local_employment_services,2
professionals,2
qualitative_comparative_analysis,2
higher_education,2
global_governance,2
health_care,2
public_servants,2
empowerment,2
conditional_cash_transfers,2
privatization,2
environment,2
eldercare,2
environmental_policy,2
reciprocity,2
government_performance,2
prosocial_impact,2
social_policy,2
conceptualization,2
neofunctionalism,1
economic_crisis,1
economic_governance,1
paradigm_change,1
distributive_politics,1
active_labour_market_policy,1
elected_politicians,1
partisan_politics,1
social_contract,1
consentification,1
welfare_conditionality,1
welfare_chauvinism,1
pension_privatisation,1
dualisation,1
culture,1
refugee,1
lived_experience,1
social_mobility,1
development_cooperation,1
public_debt,1
justification,1
choice_of_primary_care_provider,1
disability_services,1
vignette_experiment,1
financial_services,1
reinforcement,1
foreign_direct_investment,1
substitution,1
parliament,1
ideologies,1
growth_models,1
subsidies,1
multiple_streams_framework,1
instrument,1
sustainable_development,1
muscular_unionism,1
employment_policy,1
domestic_effects,1
asylum_policy,1
policy_arrangement,1
performance_evaluation,1
issue_voting,1
elections,1
legal_certainty,1
differentiated_policy_implementation,1
reputation-building,1
blaming_strategies,1
evidence-based_policy,1
discourse_analysis,1
joint_bodies,1
cakeism,1
regulatory_state,1
expertise,1
cybersecurity,1
natural_language_processing,1
business_power,1
solutionism,1
crisis_management,1
environmental_governance,1
health_security,1
electoral_participation,1
mainstream_right,1
ministries,1
policy_evaluation,1
salience,1
spitzenkandidaten,1
political_representation,1
sustainable_finance,1
stranded_assets,1
stranded_asset_risk,1
norms,1
private_investment,1
just_energy_transition,1
vaccine_hesitancy,1
methane_regulations,1
mainstreaming,1
food_security,1
content_analysis,1
scoping_review,1
public_perceptions,1
climate_adaptation,1
birth_outcomes,1
generosity,1
carbon_tax,1
earnings,1
misinformation,1
institution,1
supply,1
fundraising,1
phase_out,1
just_transitions,1
policy_mix,1
paradoxes,1
sustainable_and_responsible_investment,1
prudential_regulation,1
human_wellbeing,1
carbon_footprint,1
choice_experiment,1
coal_power,1
disaster_insurance,1
social_acceptability,1
community_resilience,1
fund_markets,1
public_investment,1
climate_regulation,1
carbon_capture,1
digitalization,1
football,1
road_transport,1
corporate_carbon_intensity,1
controversies,1
sponge_city,1
prospects,1
foreign_climate_policy,1
pastoral_regions,1
labour_market_policy,1
phase-out,1
cohesion_policy,1
mindfulness,1
welfare_regime,1
immigrant_social_rights,1
parenting,1
carer_tasks,1
interest_organisations,1
recovery_plan,1
carers,1
corona,1
material_interests,1
emigration,1
interservice_consultations,1
party_positions,1
health_care_spending,1
age-based,1
chronic_conditions,1
domain_of_application_approach,1
savings,1
transgovernmental_networks,1
electoral_violence,1
feedback_effects,1
favoritism,1
agility,1
humanist,1
natural_disaster,1
counterfactual,1
digital_government,1
livestock,1
participatory_methods,1
investigation,1
carbon_removal_obligation,1
care_homes,1
budget,1
financial_support_for_parents,1
couples,1
behaviours,1
unpaid_care_work,1
regionalism,1
mental_health,1
electricity,1
smallholder,1
platform_economy,1
whistleblowing,1
organised_labour,1
expectation-disconfirmation,1
indicators,1
formal_independence,1
institutional_reforms,1
publicness,1
fiscal_monitoring_and_intervention,1
regulatory_compliance,1
civil_service,1
inter-municipal_cooperation,1
innovation_policy,1
transformative,1
reactive_transparency,1
institutional_pressures,1
privacy_paradox,1
boundary_objects,1
public-private_relationships,1
hybridization,1
data_professionals,1
social_services,1
role_ambiguity,1
affective_commitment,1
red_tape,1
socio-materiality,1
digitization,1
new_public_service,1
mutuality,1
value-in-use,1
emergency_preparedness,1
public_management_research,1
boundaries,1
system-level_bureaucrats,1
value_propositions,1
co-regulation,1
organizational_commitment,1
transformative_resilience,1
open_innovation,1
innovative_behaviours,1
strategic_planning,1
administrative_capacity,1
thematic_analysis,1
network_governance,1
digital_technology,1
conceptual_framework,1
public_accountability,1
organizational_climate,1
ambiguity,1
unethical_behaviour,1
laboratory_experiment,1
value_conflicts,1
responsibilization,1
reward_equity,1
city_competitiveness,1
stewardship_to_society,1
green_tape,1
public_service_innovation,1
local_governance,1
innovation_adoption,1
institutional_work,1
public_service_logic,1
computational_simulations,1
healthcare_networks,1
productivity,1
drive,1
renegotiations,1
environmental_protection,1
collaborative_platform,1
transformative_learning,1
public_infrastructure_projects,1
contractual_fairness,1
historical_institutionalism,1
data_manipulation,1
cross-national,1
adaptive_capacity,1
public_school_efficiency,1
interagency_collaboration,1
social_equity,1
emergency_management,1
transformational_leadership,1
federalism,1
symbolic_representation,1
digital_technologies,1
job_satisfaction,1
performance_budgeting,1
institutional_analysis,1
citizen_involvement,1
machine-learning,1
organizational_formalization,1
instrumental_variable,1
information_sharing,1
public_reform,1
street-level_managers,1
professionalism,1
quasi-markets,1
workforce,1
asylum_seekers,1
homestay,1
user_co-creation,1
peacebuilding,1
public_leadership,1
citizen_online_engagement,1
representative_labour,1
public_service_delivery,1
interests,1
thick_concept,1
user-orientation,1
wicked_problems,1
algorithms,1
migrant_workers,1
economies_of_scale,1
hospital_executives,1
institutional_logics,1
cluster_analysis,1
street_level_bureaucrats,1
group-based_pay_for_performance,1
employee_satisfaction,1
fairness_of_performance_evaluations,1
scientific_experts,1
place-based_resentment,1
borders,1
globalization,1
unfairness,1
left-behind_places,1
right-wing_populism,1
data_governance,1
business_preferences,1
agenda_setting,1
policy-taking,1
subunits,1
rule_of_law,1
repetition,1
cognitive_biases,1
collective_learning,1
capability,1
giving,1
non-teleworkers,1
indebtedness,1
enforcement,1
rural_areas,1
economic_development,1
make-or-buy,1
labor_conditions,1
spatial_segregation,1
expert_groups,1
online_schooling,1
collective_action_clauses,1
cleavage,1
civil_society,1
mobilisation,1
economic_nationalism,1
party_competition,1
ratification,1
foreign_investment,1
right-wing_populist_parties,1
agenda-responsiveness,1
surrogacy,1
transnationalism,1
re-bordering,1
citation_analysis,1
data_protection,1
enforcement_strategies,1
overload,1
regional_investment_aid,1
rule_of_law_interventions,1
public_attitudes,1
litigation,1
political_actors,1
moral_hazard,1
core_state_powers,1
electoral_punishment,1
capture,1
regulatory_discretion,1
climate_change_litigation,1
primary_care,1
institutional_design,1
regulatory_agencies,1
iron_triangle,1
risk_regulation,1
mifepristone,1
derivatives,1
divided_government,1
internal_market,1
participatory_regulation,1
behavioral_audits,1
choice_architecture,1
open_government_data,1
agencification,1
design_interventions,1
multilevel_governance,1
auditee,1
system_of_choice,1
public_provider,1
lifecycle,1
informal_collaboration,1
participatory_budgeting,1
prevention_activities,1
co-delivery,1
user_and_community,1
bureaucratic_resistance,1
global_value_chains,1
aquaculture,1
central_bank_independence,1
gold,1
private_regulatory_governance,1
intermediaries,1
international_financial_system,1
mineral_supply_chains,1
traceability,1
regulatory_capture,1
human_rights_and_the_environment,1
indices,1
index,1
capital_allocation,1
corporate_accountability,1
real_estate,1
reasoning,1
regulatory_impact_assessment,1
human_rights,1
bureaucratic_constraints,1
private_companies,1
private_governance,1
industrial_safety,1
bureaucratic_policymaking,1
national_quality_framework,1
multistakeholder,1
policy_integration,1
